Total_Volume,Time_Span_Sec,Ground_Truth,Predicted_Risk_Score,High_Risk_Flag
586258.0,231.0,1,1.0,1
602314.0,239.0,1,1.0,1
4950000.0,100.0,1,1.0,1
627032.0,245.0,1,1.0,1
601449.0,230.0,1,1.0,1
564527.0,239.0,1,1.0,1
619437.0,252.0,1,1.0,1
652603.0,254.0,1,1.0,1
624321.0,249.0,1,1.0,1
602840.0,238.0,1,1.0,1
587258.0,237.0,1,1.0,1
592413.0,235.0,1,1.0,1
684796.0,268.0,1,1.0,1
618694.0,250.0,1,1.0,1
594962.0,247.0,1,1.0,1
597008.0,242.0,1,1.0,1
597991.0,246.0,1,1.0,1
644391.0,255.0,1,1.0,1
537415.0,215.0,1,1.0,1
536129.0,221.0,1,1.0,1
566130.0,232.0,1,1.0,1
645459.0,263.0,1,1.0,1
626302.0,248.0,1,1.0,1
598535.0,228.0,1,1.0,1
604549.0,241.0,1,1.0,1
604449.0,230.0,1,1.0,1
604620.0,251.0,1,1.0,1
681723.0,265.0,1,1.0,1
596711.0,236.0,1,1.0,1
624543.0,248.0,1,1.0,1
629385.0,255.0,1,1.0,1
637875.0,241.0,1,0.9999,1
610912.0,240.0,1,1.0,1
744281.0,298.0,1,1.0,1
610233.0,256.0,1,1.0,1
621925.0,235.0,1,1.0,1
580605.0,230.0,1,1.0,1
636314.0,246.0,1,1.0,1
637189.0,268.0,1,1.0,1
657704.0,258.0,1,1.0,1
696727.0,276.0,1,1.0,1
618112.0,255.0,1,1.0,1
